"Rank","Name","Total_Net_Worth","Age","Country","Source","Industry"
"1.","Jeff Bezos","$177 B",57,"United States","Amazon","Technology"
"2.","Elon Musk","$151 B",49,"United States","Tesla, SpaceX","Automotive"
"3.","Bernard Arnault & family","$150 B",72,"France","LVMH","Fashion & Retail"
"4.","Bill Gates","$124 B",65,"United States","Microsoft","Technology"
"5.","Mark Zuckerberg","$97 B",36,"United States","Facebook","Technology"
"6.","Warren Buffett","$96 B",90,"United States","Berkshire Hathaway","Finance & Investments"
"7.","Larry Ellison","$93 B",76,"United States","software","Technology"
"8.","Larry Page","$91.5 B",48,"United States","Google","Technology"
"9.","Sergey Brin","$89 B",47,"United States","Google","Technology"
"10.","Mukesh Ambani","$84.5 B",63,"India","diversified","Diversified"
"11.","Amancio Ortega","$77 B",85,"Spain","Zara","Fashion & Retail"
"12.","Francoise Bettencourt Meyers & family","$73.6 B",67,"France","L'Oréal","Fashion & Retail"
"13.","Zhong Shanshan","$68.9 B",66,"China","beverages, pharmaceuticals","Food & Beverage"
"14.","Steve Ballmer","$68.7 B",65,"United States","Microsoft","Technology"
"15.","Ma Huateng","$65.8 B",49,"China","internet media","Technology"
"16.","Carlos Slim Helu & family","$62.8 B",81,"Mexico","telecom","Telecom"
"17.","Alice Walton","$61.8 B",71,"United States","Walmart","Fashion & Retail"
"18.","Jim Walton","$60.2 B",72,"United States","Walmart","Fashion & Retail"
"19.","Rob Walton","$59.5 B",76,"United States","Walmart","Fashion & Retail"
"20.","Michael Bloomberg","$59 B",79,"United States","Bloomberg LP","Media & Entertainment"
"21.","Colin Zheng Huang","$55.3 B",41,"China","e-commerce","Technology"
"22.","MacKenzie Scott","$53 B",50,"United States","Amazon","Technology"
"23.","Daniel Gilbert","$51.9 B",59,"United States","Quicken Loans","Finance & Investments"
"24.","Gautam Adani & family","$50.5 B",58,"India","infrastructure, commodities","Diversified"
"25.","Phil Knight & family","$49.9 B",83,"United States","Nike","Fashion & Retail"
"26.","Jack Ma","$48.4 B",56,"China","e-commerce","Technology"
"27.","Charles Koch","$46.4 B",85,"United States","Koch Industries","Diversified"
"27.","Julia Koch & family","$46.4 B",58,"United States","Koch Industries","Diversified"
"29.","Masayoshi Son","$45.4 B",63,"Japan","internet, telecom","Telecom"
"30.","Michael Dell","$45.1 B",56,"United States","Dell computers","Technology"
"31.","Tadashi Yanai & family","$44.1 B",72,"Japan","fashion retail","Fashion & Retail"
"32.","François Pinault & family","$42.3 B",84,"France","luxury goods","Fashion & Retail"
"33.","David Thomson & family","$41.8 B",63,"Canada","media","Media & Entertainment"
"34.","Beate Heister & Karl Albrecht Jr.","$39.2 B",NA,"Germany","supermarkets","Fashion & Retail"
"35.","Wang Wei","$39 B",50,"China","package delivery","Service"
"36.","Miriam Adelson","$38.2 B",75,"United States","casinos","Gambling & Casinos"
"37.","He Xiangjian","$37.7 B",78,"China","home appliances","Manufacturing"
"38.","Dieter Schwarz","$36.9 B",81,"Germany","retail","Fashion & Retail"
"39.","Zhang Yiming","$35.6 B",37,"China","TikTok","Technology"
"40.","Giovanni Ferrero","$35.1 B",56,"Italy","Nutella, chocolates","Food & Beverage"
"41.","Alain Wertheimer","$34.5 B",72,"France","Chanel","Fashion & Retail"
"41.","Gerard Wertheimer","$34.5 B",70,"France","Chanel","Fashion & Retail"
"43.","Li Ka-shing","$33.7 B",92,"Hong Kong","diversified","Diversified"
"44.","Qin Yinglin & family","$33.5 B",55,"China","pig breeding","Food & Beverage"
"45.","William Lei Ding","$33 B",49,"China","online games","Technology"
"46.","Len Blavatnik","$32 B",63,"United States","music, chemicals","Diversified"
"47.","Lee Shau Kee","$31.7 B",93,"Hong Kong","real estate","Real Estate"
"48.","Jacqueline Mars","$31.3 B",81,"United States","candy, pet food","Food & Beverage"
"48.","John Mars","$31.3 B",85,"United States","candy, pet food","Food & Beverage"
"50.","Yang Huiyan & family","$29.6 B",39,"China","real estate","Real Estate"
"51.","Alexey Mordashov & family","$29.1 B",55,"Russia","steel, investments","Metals & Mining"
"52.","Robin Zeng","$28.4 B",52,"Hong Kong","batteries","Automotive"
"53.","Hui Ka Yan","$27.7 B",62,"China","real estate","Real Estate"
"53.","Susanne Klatten","$27.7 B",58,"Germany","BMW, pharmaceuticals","Automotive"
"55.","Vladimir Potanin","$27 B",60,"Russia","metals","Metals & Mining"
"56.","Dietrich Mateschitz","$26.9 B",76,"Austria","Red Bull","Food & Beverage"
"57.","Pang Kang","$26.4 B",65,"China","soy sauce","Food & Beverage"
"58.","Klaus-Michael Kuehne","$26.3 B",83,"Germany","shipping","Logistics"
"59.","Vladimir Lisin","$26.2 B",64,"Russia","steel, transport","Metals & Mining"
"60.","Wang Xing","$26.1 B",42,"China","e-commerce","Technology"
"61.","German Larrea Mota Velasco & family","$25.9 B",67,"Mexico","mining","Metals & Mining"
"62.","Leonardo Del Vecchio & family","$25.8 B",85,"Italy","eyeglasses","Fashion & Retail"
"62.","Takemitsu Takizaki","$25.8 B",75,"Japan","sensors","Manufacturing"
"64.","Leonard Lauder","$25.5 B",88,"United States","Estee Lauder","Fashion & Retail"
"65.","Thomas Peterffy","$25 B",76,"United States","discount brokerage","Finance & Investments"
"66.","Vagit Alekperov","$24.9 B",70,"Russia","oil","Energy"
"66.","Leonid Mikhelson","$24.9 B",65,"Russia","gas, chemicals","Energy"
"68.","Jim Simons","$24.6 B",82,"United States","hedge funds","Finance & Investments"
"69.","Jiang Rensheng & family","$24.4 B",67,"China","vaccines","Healthcare"
"70.","Gina Rinehart","$23.6 B",67,"Australia","mining","Metals & Mining"
"71.","Rupert Murdoch & family","$23.5 B",90,"United States","newspapers, TV network","Media & Entertainment"
"71.","Shiv Nadar","$23.5 B",75,"India","software services","Technology"
"73.","Zhang Zhidong","$23.4 B",49,"China","internet media","Technology"
"74.","Iris Fontbona & family","$23.3 B",78,"Chile","mining","Metals & Mining"
"75.","Lei Jun","$23 B",51,"China","smartphones","Technology"
"75.","Zhang Yong","$23 B",50,"Singapore","restaurants","Food & Beverage"
"77.","Richard Qiangdong Liu","$22.4 B",47,"China","e-commerce","Technology"
"78.","Gennady Timchenko","$22 B",68,"Russia","oil, gas","Energy"
"79.","Stephen Schwarzman","$21.9 B",74,"United States","investments","Finance & Investments"
"80.","Goh Cheng Liang","$21.7 B",93,"Singapore","paints","Manufacturing"
"81.","Stefan Quandt","$21.6 B",54,"Germany","BMW","Automotive"
"82.","Li Xiting","$21.5 B",70,"Singapore","medical devices","Healthcare"
"83.","Pierre Omidyar","$21.4 B",53,"United States","eBay, PayPal","Technology"
"84.","Stefan Persson","$21.3 B",73,"Sweden","H&M","Fashion & Retail"
"85.","Abigail Johnson","$20.9 B",59,"United States","money management","Finance & Investments"
"86.","R. Budi Hartono","$20.5 B",80,"Indonesia","banking, tobacco","Finance & Investments"
"87.","Andrew Forrest","$20.4 B",59,"Australia","mining","Metals & Mining"
"88.","Ray Dalio","$20.3 B",71,"United States","hedge funds","Finance & Investments"
"89.","Michael Hartono","$19.7 B",81,"Indonesia","banking, tobacco","Manufacturing"
"89.","Li Shufu","$19.7 B",57,"China","automobiles","Automotive"
"89.","Zhong Huijuan","$19.7 B",60,"China","pharmaceuticals","Healthcare"
"92.","Xu Hang","$19.5 B",54,"Hong Kong","medical devices","Healthcare"
"93.","Lui Che Woo","$19.4 B",92,"Hong Kong","casinos/hotels","Gambling & Casinos"
"94.","Emmanuel Besnier","$19.1 B",50,"France","cheese","Food & Beverage"
"95.","Laurene Powell Jobs & family","$19 B",57,"United States","Apple, Disney","Technology"
"96.","Eric Schmidt","$18.9 B",65,"United States","Google","Technology"
"96.","Sun Piaoyang","$18.9 B",62,"China","pharmaceuticals","Healthcare"
"98.","Theo Albrecht, Jr. & family","$18.8 B",70,"Germany","Aldi, Trader Joe's","Fashion & Retail"
"99.","Alisher Usmanov","$18.4 B",67,"Russia","steel, telecom, investments","Metals & Mining"
"100.","Robert Pera","$18.3 B",43,"United States","wireless networking gear","Technology"
"100.","Wu Yajun","$18.3 B",57,"China","real estate","Real Estate"
"102.","Fan Hongwei & family","$18.2 B",54,"China","petrochemicals","Energy"
"103.","Dhanin Chearavanont","$18.1 B",81,"Thailand","diversified","Diversified"
"104.","Peter Woo","$18 B",74,"Hong Kong","real estate","Real Estate"
"105.","Chen Bang","$17.9 B",55,"China","hospitals","Healthcare"
"105.","Andrey Melnichenko","$17.9 B",49,"Russia","coal, fertilizers","Metals & Mining"
"107.","Dustin Moskovitz","$17.8 B",36,"United States","Facebook","Technology"
"107.","Su Hua","$17.8 B",39,"China","video streaming","Media & Entertainment"
"109.","Donald Newhouse","$17.6 B",91,"United States","media","Media & Entertainment"
"110.","Petr Kellner","$17.5 B",56,"Czechia","finance, telecommunications","Finance & Investments"
"111.","Lee Man Tat","$17.4 B",91,"Hong Kong","food","Food & Beverage"
"112.","Pavel Durov","$17.2 B",36,"Russia","messaging app","Technology"
"113.","James Ratcliffe","$17 B",68,"United Kingdom","chemicals","Manufacturing"
"114.","Jorge Paulo Lemann & family","$16.9 B",81,"Brazil","beer","Food & Beverage"
"115.","Reinhold Wuerth & family","$16.8 B",85,"Germany","fasteners","Manufacturing"
"116.","Charlene de Carvalho-Heineken & family","$16.7 B",66,"Netherlands","Heineken","Food & Beverage"
"117.","Radhakishan Damani","$16.5 B",66,"India","retail, investments","Fashion & Retail"
"118.","Wang Chuanfu","$16.3 B",55,"China","batteries, automobiles","Automotive"
"119.","Steve Cohen","$16 B",64,"United States","hedge funds","Finance & Investments"
"119.","Ken Griffin","$16 B",52,"United States","hedge funds","Finance & Investments"
"121.","Chen Zhiping","$15.9 B",45,"China","e-cigarettes","Manufacturing"
"121.","Ernest Garcia, II.","$15.9 B",63,"United States","used cars","Automotive"
"121.","Uday Kotak","$15.9 B",62,"India","banking","Finance & Investments"
"124.","Carl Icahn","$15.8 B",85,"United States","investments","Finance & Investments"
"124.","Suleiman Kerimov & family","$15.8 B",55,"Russia","investments","Finance & Investments"
"126.","Thomas Frist, Jr. & family","$15.7 B",82,"United States","hospitals","Healthcare"
"127.","Lukas Walton","$15.6 B",34,"United States","Walmart","Fashion & Retail"
"128.","Mikhail Fridman","$15.5 B",56,"Russia","oil, banking, telecom","Energy"
"128.","Wei Jianjun & family","$15.5 B",57,"China","automobiles","Automotive"
"128.","Zuo Hui","$15.5 B",50,"China","real estate services","Real Estate"
"131.","Zhou Qunfei & family","$15.4 B",51,"Hong Kong","smartphone screens","Technology"
"132.","Donald Bren","$15.3 B",88,"United States","real estate","Real Estate"
"133.","Hinduja brothers","$14.9 B",NA,"United Kingdom","diversified","Diversified"
"133.","Lakshmi Mittal","$14.9 B",70,"India","steel","Metals & Mining"
"133.","Georg Schaeffler","$14.9 B",56,"Germany","auto parts","Automotive"
"133.","Eric Yuan & family","$14.9 B",51,"United States","video conferencing","Technology"
"137.","Wang Jianlin","$14.8 B",66,"China","real estate","Real Estate"
"138.","Kwong Siu-hing","$14.7 B",91,"Hong Kong","real estate","Real Estate"
"138.","Robin Li","$14.7 B",52,"China","internet search","Technology"
"140.","Pallonji Mistry","$14.6 B",91,"Ireland","construction","Construction & Engineering"
"140.","Eduardo Saverin","$14.6 B",39,"Brazil","Facebook","Technology"
"142.","Roman Abramovich","$14.5 B",54,"Russia","steel, investments","Diversified"
"142.","David Tepper","$14.5 B",63,"United States","hedge funds","Finance & Investments"
"144.","Gong Hongjia & family","$14.4 B",56,"Hong Kong","video surveillance","Finance & Investments"
"145.","Mike Cannon-Brookes","$14.2 B",41,"Australia","software","Technology"
"145.","John Menard, Jr.","$14.2 B",81,"United States","home improvement stores","Fashion & Retail"
"145.","Seo Jung-jin","$14.2 B",63,"South Korea","biotech","Healthcare"
"148.","Cheng Yixiao","$14.1 B",37,"China","video streaming app","Media & Entertainment"
"148.","Liang Wengen","$14.1 B",64,"China","construction equipment","Manufacturing"
"150.","Scott Farquhar","$14 B",41,"Australia","software","Technology"
"151.","Finn Rausing","$13.9 B",66,"Sweden","packaging","Food & Beverage"
"151.","Jorn Rausing","$13.9 B",61,"Sweden","packaging","Food & Beverage"
"151.","Kirsten Rausing","$13.9 B",68,"Sweden","packaging","Food & Beverage"
"154.","Brian Chesky","$13.7 B",39,"United States","Airbnb","Technology"
"155.","Joseph Lau","$13.6 B",69,"Hong Kong","real estate","Real Estate"
"156.","David Duffield","$13.5 B",80,"United States","business software","Technology"
"156.","Charoen Sirivadhanabhakdi","$13.5 B",76,"Thailand","alcohol, real estate","Food & Beverage"
"158.","Kim Jung-ju","$13.3 B",53,"South Korea","online games","Technology"
"158.","Robert & Philip Ng","$13.3 B",NA,"Singapore","real estate","Real Estate"
"158.","Zhang Bangxin","$13.3 B",41,"China","education","Service"
"161.","Anders Holch Povlsen","$13.2 B",48,"Denmark","fashion retail","Fashion & Retail"
"161.","Wang Wenyin","$13.2 B",53,"China","mining, copper products","Metals & Mining"
"163.","Wang Liping & family","$13.1 B",55,"China","hydraulic machinery","Manufacturing"
"164.","Tatyana Bakalchuk","$13 B",45,"Russia","ecommerce","Fashion & Retail"
"164.","Michael Platt","$13 B",53,"United Kingdom","hedge funds","Finance & Investments"
"166.","Huang Shilin","$12.9 B",54,"China","batteries","Energy"
"166.","Ricardo Salinas Pliego & family","$12.9 B",65,"Mexico","retail, media","Fashion & Retail"
"168.","Kumar Birla","$12.8 B",53,"India","commodities","Diversified"
"169.","Dang Yanbao","$12.7 B",48,"China","coal","Metals & Mining"
"169.","Cyrus Poonawalla","$12.7 B",79,"India","vaccines","Healthcare"
"171.","Robert Kuok","$12.6 B",97,"Malaysia","palm oil, shipping, property","Diversified"
"171.","Hank & Doug Meijer","$12.6 B",NA,"United States","supermarkets","Fashion & Retail"
"173.","Jack Dorsey","$12.5 B",44,"United States","Twitter, Square","Technology"
"173.","Lu Zhongfang","$12.5 B",78,"China","education","Automotive"
"173.","Ma Jianrong & family","$12.5 B",57,"China","textiles, apparel","Fashion & Retail"
"173.","Zhang Tao","$12.5 B",48,"China","e-commerce","Fashion & Retail"
"177.","Nathan Blecharczyk","$12.4 B",37,"United States","Airbnb","Technology"
"177.","John Doerr","$12.4 B",69,"United States","venture capital","Technology"
"177.","Joe Gebbia","$12.4 B",39,"United States","Airbnb","Technology"
"177.","Forrest Li","$12.4 B",43,"Singapore","gaming","Media & Entertainment"
"181.","Yu Renrong","$12.3 B",55,"China","semiconductors","Manufacturing"
"182.","Liu Yonghao & family","$12.1 B",69,"China","agribusiness","Service"
"182.","Gordon Moore","$12.1 B",92,"United States","Intel","Technology"
"184.","Jeff Yass","$12 B",62,"United States","trading, investments","Finance & Investments"
"185.","Bobby Murphy","$11.9 B",32,"United States","Snapchat","Technology"
"186.","Patrick Drahi","$11.8 B",57,"France","telecom","Telecom"
"186.","Jensen Huang","$11.8 B",58,"United States","semiconductors","Technology"
"186.","Alexander Otto","$11.8 B",53,"Germany","real estate","Real Estate"
"189.","Cen Junda","$11.6 B",56,"China","pharmaceuticals","Healthcare"
"189.","Joseph Tsai","$11.6 B",57,"Canada","e-commerce","Technology"
"191.","Aliko Dangote","$11.5 B",63,"Nigeria","cement, sugar","Manufacturing"
"191.","Marcel Herrmann Telles","$11.5 B",71,"Brazil","beer","Food & Beverage"
"193.","Mikhail Prokhorov","$11.4 B",55,"Russia","investments","Finance & Investments"
"194.","Jorge Moll Filho & family","$11.3 B",76,"Brazil","hospitals","Healthcare"
"195.","Viktor Rashnikov","$11.2 B",72,"Russia","steel","Manufacturing"
"195.","Harry Triguboff","$11.2 B",88,"Australia","real estate","Real Estate"
"197.","Leonid Fedun & family","$11.1 B",65,"Russia","oil","Energy"
"197.","Eyal Ofer","$11.1 B",70,"Israel","real estate, shipping","Diversified"
"197.","Evan Spiegel","$11.1 B",30,"United States","Snapchat","Technology"
"200.","Luis Carlos Sarmiento","$11 B",88,"Colombia","banking","Finance & Investments"
